{"target":[{"_text":"너 일단 따라와라","_delayDuration":0.10000000149011612,"_duration":0.10000000149011612}]}{"target":[{"_text":"나 먼저 들어갈테니깐","_delayDuration":0.10000000149011612,"_duration":0.10000000149011612},{"_text":"어디 다른데 갈 생각말고 51관 114호 알지?","_delayDuration":0.10000000149011612,"_duration":0.10000000149011612}]}