{"target":[{"_text":"너 일단 따라와라","_delayDuration":0.10000000149011612,"_duration":0.10000000149011612}]}