{"target":[{"_text":"어이 젊은이...","_delayDuration":0.10000000149011612,"_duration":0.10000000149011612},{"_text":"아주 샛노랗고 패기가 넘치는 걸 보니...","_delayDuration":0.10000000149011612,"_duration":0.10000000149011612},{"_text":"신입이구나!","_delayDuration":0.10000000149011612,"_duration":0.10000000149011612},{"_text":"좋아 이 늙은이가 조금만 힘을 내어 이 학교를 소개해주지","_delayDuration":0.10000000149011612,"_duration":0.10000000149011612}]}