{"target":[{"_text":"안녕!","_delayDuration":0.10000000149011612,"_duration":0.10000000149011612},{"_text":"난 회장이야!","_delayDuration":0.10000000149011612,"_duration":0.10000000149011612}]}