{"target":[{"_text":"M.I.T. 동아리방에 온걸 환영해!","_delay":0.0,"_duration":0.10000000149011612},{"_text":"이 곳 게임 개발의 야생은 거친 곳이니","_delay":0.0,"_duration":0.10000000149011612},{"_text":"너의 친구를 골라봐!","_delay":0.0,"_duration":0.10000000149011612}]}