{"target":[{"_text":"첫 번째 대사 부라르ㅏ브ㅏ","_delayDuration":0.10000000149011612,"_duration":0.10000000149011612}]}